"spp","MeanTL","SDTL","n"
"CYDIA_ARTHO_FOLCAT",1.95698659561948,0.0860935084933769,1000
"MAMANE_NAIO",1.00814725713931,0.0983911549126018,1000
"SPIDER",2.70264653150612,0.179850466747081,1000
