"spp","MeanTL","SDTL","n"
"CYDIA_ARTHO_FOLCAT",1.95750078230665,0.0856574073861715,1000
"MAMANE_NAIO",1.00655342406543,0.0978277842748878,1000
"SPIDER",2.70189548609704,0.177044291522319,1000
