"spp","MeanTL","SDTL","n"
"CYDIA_ARTHO_FOLCAT",1.95789026032523,0.0840090975636555,1000
"MAMANE_NAIO",1.00797481009969,0.0969217740800879,1000
"SPIDER",2.69824625209367,0.177054896003463,1000
